Name,Bus,Arrival Time,soc_i,Power,Departure Time,soc_f,soh_i
EV24,78,0,0.668,5.236363636,11,0.7,0.794077665
EV27 ,106,0,0.669,5.58,10,0.7,0.773528071
EV28 ,112,1,0.63,4.186046512,44,0.7,0.749640477
EV39 ,151,4,0.68,1.8,24,0.7,0.638905201
