Name,Bus,Arrival Time,soc_i,Power,Departure Time,soc_f,soh_i
EV39 ,151,4,0.68,1.8,24,0.7,0.638905201
EV24,78,0,0.668,5.236363636,11,0.7,0.794077665
EV27 ,106,0,0.669,5.58,10,0.7,0.773528071
